size,average_time,average_memory,average_flops
5,0.003761005401611328,22450.4,12331.0
7,0.0169736385345459,26304.2,95941.0
9,0.03799514770507813,31846.0,393455.0
