size,average_time,average_memory,average_flops
5,0.004448938369750977,30968.0,25203.0
7,0.02140488624572754,39526.4,198684.0
9,0.045966577529907224,49202.8,801689.0
