size,average_time,average_memory,average_flops
5,0.00042018890380859377,6892.8,369.0
7,0.000765228271484375,7352.2,1075.0
9,0.0018421173095703124,10484.2,2662.0
